"<key name=""Building Switch Template"">",,,,,,,,"'\t\t\t<key name=""Building Switch Template"">\n'"
,"<dword name=""[SSH2] Port"">22</dword>",,,,,,,"'\t\t\t\t<dword name=""[SSH2] Port"">22</dword>\n'"
,"<dword name=""Allow Connection Sharing"">0</dword>",,,,,,,"'\t\t\t\t<dword name=""Allow Connection Sharing"">0</dword>\n'"
,"<dword name=""AlwaysOnTop"">0</dword>",,,,,,,"'\t\t\t\t<dword name=""AlwaysOnTop"">0</dword>\n'"
,"<dword name=""ANSI Color"">1</dword>",,,,,,,"'\t\t\t\t<dword name=""ANSI Color"">1</dword>\n'"
,"<binary name=""ANSI Color RGB"">00 00 00 00 a0 00 00 00 00 a0 00 00 a0 a0 00 00 00 00 a0 00 a0 00 a0 00 00 a0 a0 00 c0 c0 c0 00 80 80 80 00 ff 00 00 00 00 ff 00 00 ff ff 00 00 00 00 ff 00 ff 00 ff 00 00 ff ff 00 ff ff ff 00</binary>",,,,,,,"'\t\t\t\t<binary name=""ANSI Color RGB"">00 00 00 00 a0 00 00 00 00 a0 00 00 a0 a0 00 00 00 00 a0 00 a0 00 a0 00 00 a0 a0 00 c0 c0 c0 00 80 80 80 00 ff 00 00 00 00 ff 00 00 ff ff 00 00 00 00 ff 00 ff 00 ff 00 00 ff ff 00 ff ff ff 00</binary>\n'"
,"<string name=""Answerback""/>",,,,,,,"'\t\t\t\t<string name=""Answerback""/>\n'"
,"<dword name=""Audio Bell"">1</dword>",,,,,,,"'\t\t\t\t<dword name=""Audio Bell"">1</dword>\n'"
,"<dword name=""Auth Prompts in Window"">0</dword>",,,,,,,"'\t\t\t\t<dword name=""Auth Prompts in Window"">0</dword>\n'"
,"<dword name=""Auto Reconnect"">2</dword>",,,,,,,"'\t\t\t\t<dword name=""Auto Reconnect"">2</dword>\n'"
,"<dword name=""Background"">16777215</dword>",,,,,,,"'\t\t\t\t<dword name=""Background"">16777215</dword>\n'"
,"<dword name=""Blinking Cursor"">1</dword>",,,,,,,"'\t\t\t\t<dword name=""Blinking Cursor"">1</dword>\n'"
,"<dword name=""Bold"">0</dword>",,,,,,,"'\t\t\t\t<dword name=""Bold"">0</dword>\n'"
,"<dword name=""Buffer Pass Through Printing"">0</dword>",,,,,,,"'\t\t\t\t<dword name=""Buffer Pass Through Printing"">0</dword>\n'"
,"<dword name=""Character Send Delay"">0</dword>",,,,,,,"'\t\t\t\t<dword name=""Character Send Delay"">0</dword>\n'"
,"<string name=""Cipher List"">aes256-ctr,aes192-ctr,aes128-ctr,aes256-cbc,aes192-cbc,aes128-cbc,twofish-cbc,blowfish-cbc,3des-cbc,arcfour</string>",,,,,,,"'\t\t\t\t<string name=""Cipher List"">aes256-ctr,aes192-ctr,aes128-ctr,aes256-cbc,aes192-cbc,aes128-cbc,twofish-cbc,blowfish-cbc,3des-cbc,arcfour</string>\n'"
,"<dword name=""Clear On Disconnect"">0</dword>",,,,,,,"'\t\t\t\t<dword name=""Clear On Disconnect"">0</dword>\n'"
,"<dword name=""Close On Disconnect"">0</dword>",,,,,,,"'\t\t\t\t<dword name=""Close On Disconnect"">0</dword>\n'"
,"<string name=""Color Scheme"">Traditional</string>",,,,,,,"'\t\t\t\t<string name=""Color Scheme"">Traditional</string>\n'"
,"<dword name=""Color Scheme Overrides Ansi Color"">0</dword>",,,,,,,"'\t\t\t\t<dword name=""Color Scheme Overrides Ansi Color"">0</dword>\n'"
,"<dword name=""Cols"">133</dword>",,,,,,,"'\t\t\t\t<dword name=""Cols"">133</dword>\n'"
,"<dword name=""Compression Level"">5</dword>",,,,,,,"'\t\t\t\t<dword name=""Compression Level"">5</dword>\n'"
,"<string name=""Compression List"">none</string>",,,,,,,"'\t\t\t\t<string name=""Compression List"">none</string>\n'"
,"<dword name=""Copy to clipboard as RTF and plain text"">0</dword>",,,,,,,"'\t\t\t\t<dword name=""Copy to clipboard as RTF and plain text"">0</dword>\n'"
,"<dword name=""Copy Translates ANSI Line Drawing Characters"">0</dword>",,,,,,,"'\t\t\t\t<dword name=""Copy Translates ANSI Line Drawing Characters"">0</dword>\n'"
,"<dword name=""CUA Copy Paste"">0</dword>",,,,,,,"'\t\t\t\t<dword name=""CUA Copy Paste"">0</dword>\n'"
,"<dword name=""Cursor Color"">0</dword>",,,,,,,"'\t\t\t\t<dword name=""Cursor Color"">0</dword>\n'"
,"<dword name=""Cursor Key Mode"">0</dword>",,,,,,,"'\t\t\t\t<dword name=""Cursor Key Mode"">0</dword>\n'"
,"<dword name=""Cursor Style"">0</dword>",,,,,,,"'\t\t\t\t<dword name=""Cursor Style"">0</dword>\n'"
,"<string name=""Custom Log Message Connect""/>",,,,,,,"'\t\t\t\t<string name=""Custom Log Message Connect""/>\n'"
,"<string name=""Custom Log Message Disconnect""/>",,,,,,,"'\t\t\t\t<string name=""Custom Log Message Disconnect""/>\n'"
,"<string name=""Custom Log Message Each Line""/>",,,,,,,"'\t\t\t\t<string name=""Custom Log Message Each Line""/>\n'"
,"<string name=""Default Download Directory V2""/>",,,,,,,"'\t\t\t\t<string name=""Default Download Directory V2""/>\n'"
,"<string name=""Default SCS"">B</string>",,,,,,,"'\t\t\t\t<string name=""Default SCS"">B</string>\n'"
,"<dword name=""Disable Directory Tree Detection"">2</dword>",,,,,,,"'\t\t\t\t<dword name=""Disable Directory Tree Detection"">2</dword>\n'"
,"<dword name=""Disable Initial SFTP Extensions"">0</dword>",,,,,,,"'\t\t\t\t<dword name=""Disable Initial SFTP Extensions"">0</dword>\n'"
,"<dword name=""Disable MLSX"">0</dword>",,,,,,,"'\t\t\t\t<dword name=""Disable MLSX"">0</dword>\n'"
,"<dword name=""Disable Pass Through Printing"">0</dword>",,,,,,,"'\t\t\t\t<dword name=""Disable Pass Through Printing"">0</dword>\n'"
,"<dword name=""Disable Remote File System Watches"">0</dword>",,,,,,,"'\t\t\t\t<dword name=""Disable Remote File System Watches"">0</dword>\n'"
,"<dword name=""Disable Resize"">2</dword>",,,,,,,"'\t\t\t\t<dword name=""Disable Resize"">2</dword>\n'"
,"<dword name=""Disable ZModem"">0</dword>",,,,,,,"'\t\t\t\t<dword name=""Disable ZModem"">0</dword>\n'"
,"<dword name=""Display Tab"">0</dword>",,,,,,,"'\t\t\t\t<dword name=""Display Tab"">0</dword>\n'"
,"<string name=""Display Tab String""/>",,,,,,,"'\t\t\t\t<string name=""Display Tab String""/>\n'"
,"<string name=""Download Directory V2"">C:\Users\twertz.IASTATE\Downloads</string>",,,,,,,"'\t\t\t\t<string name=""Download Directory V2"">C:\Users\twertz.IASTATE\Downloads</string>\n'"
,"<dword name=""Dumb Terminal Ignores CRLF"">0</dword>",,,,,,,"'\t\t\t\t<dword name=""Dumb Terminal Ignores CRLF"">0</dword>\n'"
,"<dword name=""Eject Page Interval"">0</dword>",,,,,,,"'\t\t\t\t<dword name=""Eject Page Interval"">0</dword>\n'"
,"<dword name=""Emacs Mode"">0</dword>",,,,,,,"'\t\t\t\t<dword name=""Emacs Mode"">0</dword>\n'"
,"<dword name=""Emacs Mode 8 Bit"">0</dword>",,,,,,,"'\t\t\t\t<dword name=""Emacs Mode 8 Bit"">0</dword>\n'"
,"<string name=""Emulation"">Xterm</string>",,,,,,,"'\t\t\t\t<string name=""Emulation"">Xterm</string>\n'"
,"<dword name=""Enable 80-132 Column Switching"">1</dword>",,,,,,,"'\t\t\t\t<dword name=""Enable 80-132 Column Switching"">1</dword>\n'"
,"<dword name=""Enable Agent Forwarding"">2</dword>",,,,,,,"'\t\t\t\t<dword name=""Enable Agent Forwarding"">2</dword>\n'"
,"<dword name=""Enable Alternate Screen Switching"">1</dword>",,,,,,,"'\t\t\t\t<dword name=""Enable Alternate Screen Switching"">1</dword>\n'"
,"<dword name=""Enable Cursor Key Mode Switching"">1</dword>",,,,,,,"'\t\t\t\t<dword name=""Enable Cursor Key Mode Switching"">1</dword>\n'"
,"<dword name=""Enable Keypad Mode Switching"">1</dword>",,,,,,,"'\t\t\t\t<dword name=""Enable Keypad Mode Switching"">1</dword>\n'"
,"<dword name=""Enable Line Wrap Mode Switching"">1</dword>",,,,,,,"'\t\t\t\t<dword name=""Enable Line Wrap Mode Switching"">1</dword>\n'"
,"<dword name=""Enforce X11 Authentication"">1</dword>",,,,,,,"'\t\t\t\t<dword name=""Enforce X11 Authentication"">1</dword>\n'"
,"<string name=""File Creation Mask""/>",,,,,,,"'\t\t\t\t<string name=""File Creation Mask""/>\n'"
,"<dword name=""File System Case"">0</dword>",,,,,,,"'\t\t\t\t<dword name=""File System Case"">0</dword>\n'"
,"<dword name=""Filenames Always Use UTF8"">0</dword>",,,,,,,"'\t\t\t\t<dword name=""Filenames Always Use UTF8"">0</dword>\n'"
,"<string name=""Firewall Name"">None</string>",,,,,,,"'\t\t\t\t<string name=""Firewall Name"">None</string>\n'"
,"<dword name=""Force 1024 for ZModem"">0</dword>",,,,,,,"'\t\t\t\t<dword name=""Force 1024 for ZModem"">0</dword>\n'"
,"<dword name=""Force Black On White"">0</dword>",,,,,,,"'\t\t\t\t<dword name=""Force Black On White"">0</dword>\n'"
,"<dword name=""Force Close On Exit"">0</dword>",,,,,,,"'\t\t\t\t<dword name=""Force Close On Exit"">0</dword>\n'"
,"<dword name=""Foreground"">0</dword>",,,,,,,"'\t\t\t\t<dword name=""Foreground"">0</dword>\n'"
,"<dword name=""Forward X11"">0</dword>",,,,,,,"'\t\t\t\t<dword name=""Forward X11"">0</dword>\n'"
,"<dword name=""Generate Unique Log File Name When File In Use"">1</dword>",,,,,,,"'\t\t\t\t<dword name=""Generate Unique Log File Name When File In Use"">1</dword>\n'"
,"<dword name=""GEX Minimum Size"">1024</dword>",,,,,,,"'\t\t\t\t<dword name=""GEX Minimum Size"">1024</dword>\n'"
,"<dword name=""GEX Preferred Size"">2048</dword>",,,,,,,"'\t\t\t\t<dword name=""GEX Preferred Size"">2048</dword>\n'"
,"<string name=""GSSAPI Delegation"">full</string>",,,,,,,"'\t\t\t\t<string name=""GSSAPI Delegation"">full</string>\n'"
,"<string name=""GSSAPI Method"">auto-detect</string>",,,,,,,"'\t\t\t\t<string name=""GSSAPI Method"">auto-detect</string>\n'"
,"<string name=""GSSAPI SPN"">host@$(HOST)</string>",,,,,,,"'\t\t\t\t<string name=""GSSAPI SPN"">host@$(HOST)</string>\n'"
,"<dword name=""Hard Reset on ESC c"">0</dword>",,,,,,,"'\t\t\t\t<dword name=""Hard Reset on ESC c"">0</dword>\n'"
,"<dword name=""Highlight Bold"">0</dword>",,,,,,,"'\t\t\t\t<dword name=""Highlight Bold"">0</dword>\n'"
,"<dword name=""Highlight Color"">0</dword>",,,,,,,"'\t\t\t\t<dword name=""Highlight Color"">0</dword>\n'"
,"<dword name=""Highlight Reverse Video"">1</dword>",,,,,,,"'\t\t\t\t<dword name=""Highlight Reverse Video"">1</dword>\n'"
,"<dword name=""Horizontal Scrollbar"">2</dword>",,,,,,,"'\t\t\t\t<dword name=""Horizontal Scrollbar"">2</dword>\n'"
,"<string name=""Host Key Algorithms"">ssh-dss,ssh-rsa,ecdsa-sha2-nistp256,ecdsa-sha2-nistp384,ecdsa-sha2-nistp521,null,x509v3-sign-rsa,x509v3-sign-dss</string>",,,,,,,"'\t\t\t\t<string name=""Host Key Algorithms"">ssh-dss,ssh-rsa,ecdsa-sha2-nistp256,ecdsa-sha2-nistp384,ecdsa-sha2-nistp521,null,x509v3-sign-rsa,x509v3-sign-dss</string>\n'"
,"<string name=""Hostname"">itnet-eng-vm.its.iastate.edu</string>",,,,,,,"'\t\t\t\t<string name=""Hostname"">itnet-eng-vm.its.iastate.edu</string>\n'"
,"<string name=""Ident String""/>",,,,,,,"'\t\t\t\t<string name=""Ident String""/>\n'"
,"<string name=""Identity Filename V2""/>",,,,,,,"'\t\t\t\t<string name=""Identity Filename V2""/>\n'"
,"<dword name=""Idle Check"">0</dword>",,,,,,,"'\t\t\t\t<dword name=""Idle Check"">0</dword>\n'"
,"<dword name=""Idle NO-OP Check"">1</dword>",,,,,,,"'\t\t\t\t<dword name=""Idle NO-OP Check"">1</dword>\n'"
,"<dword name=""Idle NO-OP Timeout"">60</dword>",,,,,,,"'\t\t\t\t<dword name=""Idle NO-OP Timeout"">60</dword>\n'"
,"<string name=""Idle String""/>",,,,,,,"'\t\t\t\t<string name=""Idle String""/>\n'"
,"<dword name=""Idle Timeout"">300</dword>",,,,,,,"'\t\t\t\t<dword name=""Idle Timeout"">300</dword>\n'"
,"<dword name=""Ignore Shift Out Sequence"">0</dword>",,,,,,,"'\t\t\t\t<dword name=""Ignore Shift Out Sequence"">0</dword>\n'"
,"<dword name=""Ignore Window Title Change Requests"">0</dword>",,,,,,,"'\t\t\t\t<dword name=""Ignore Window Title Change Requests"">0</dword>\n'"
,"<string name=""Initial Local Directory V2""/>",,,,,,,"'\t\t\t\t<string name=""Initial Local Directory V2""/>\n'"
,"<dword name=""Is Full Screen"">0</dword>",,,,,,,"'\t\t\t\t<dword name=""Is Full Screen"">0</dword>\n'"
,"<dword name=""Is Session"">1</dword>",,,,,,,"'\t\t\t\t<dword name=""Is Session"">1</dword>\n'"
,"<dword name=""Jump Scroll"">1</dword>",,,,,,,"'\t\t\t\t<dword name=""Jump Scroll"">1</dword>\n'"
,"<string name=""Key Exchange Algorithms"">gss-group1-sha1-toWM5Slw5Ew8Mqkay+al2g==,gss-gex-sha1-toWM5Slw5Ew8Mqkay+al2g==,ecdh-sha2-nistp521,ecdh-sha2-nistp384,ecdh-sha2-nistp256,diffie-hellman-group14-sha1,diffie-hellman-group-exchange-sha256,diffie-hellman-group-exchange-sha1,diffie-hellman-group1-sha1</string>",,,,,,,"'\t\t\t\t<string name=""Key Exchange Algorithms"">gss-group1-sha1-toWM5Slw5Ew8Mqkay+al2g==,gss-gex-sha1-toWM5Slw5Ew8Mqkay+al2g==,ecdh-sha2-nistp521,ecdh-sha2-nistp384,ecdh-sha2-nistp256,diffie-hellman-group14-sha1,diffie-hellman-group-exchange-sha256,diffie-hellman-group-exchange-sha1,diffie-hellman-group1-sha1</string>\n'"
,"<dword name=""Keyboard Char Send Delay"">0</dword>",,,,,,,"'\t\t\t\t<dword name=""Keyboard Char Send Delay"">0</dword>\n'"
,"<string name=""Keymap Filename V2""/>",,,,,,,"'\t\t\t\t<string name=""Keymap Filename V2""/>\n'"
,"<string name=""Keymap Name"">Xterm</string>",,,,,,,"'\t\t\t\t<string name=""Keymap Name"">Xterm</string>\n'"
,"<dword name=""Keypad Mode"">0</dword>",,,,,,,"'\t\t\t\t<dword name=""Keypad Mode"">0</dword>\n'"
,"<string name=""Keyword Set"">&lt;None&gt;</string>",,,,,,,"'\t\t\t\t<string name=""Keyword Set"">&lt;None&gt;</string>\n'"
,"<string name=""Last Directory""/>",,,,,,,"'\t\t\t\t<string name=""Last Directory""/>\n'"
,"<dword name=""Line Send Delay"">5</dword>",,,,,,,"'\t\t\t\t<dword name=""Line Send Delay"">5</dword>\n'"
,"<dword name=""Line Wrap"">1</dword>",,,,,,,"'\t\t\t\t<dword name=""Line Wrap"">1</dword>\n'"
,"<dword name=""Local Echo"">0</dword>",,,,,,,"'\t\t\t\t<dword name=""Local Echo"">0</dword>\n'"
,"<string name=""Local Shell Command Pre-connect V2"">02:bca35541f283b45406e67cb6e65b9226e88e48edd220ebf49b60142335ca28b3d94fb244af5d65dffde7d0e0d506965c</string>",,,,,,,"'\t\t\t\t<string name=""Local Shell Command Pre-connect V2"">02:bca35541f283b45406e67cb6e65b9226e88e48edd220ebf49b60142335ca28b3d94fb244af5d65dffde7d0e0d506965c</string>\n'"
,"<string name=""Log Filename V2"">C:\putty logs\%Y-%M-%D_[switch_name].log</string>",,,,,,,"'\t\t\t\t<string name=""Log Filename V2"">C:\putty logs\%Y-%M-%D_[switch_name].log</string>\n'"
,"<dword name=""Log Mode"">1</dword>",,,,,,,"'\t\t\t\t<dword name=""Log Mode"">1</dword>\n'"
,"<dword name=""Log Multiple Sessions"">0</dword>",,,,,,,"'\t\t\t\t<dword name=""Log Multiple Sessions"">0</dword>\n'"
,"<dword name=""Log Only Custom"">0</dword>",,,,,,,"'\t\t\t\t<dword name=""Log Only Custom"">0</dword>\n'"
,"<dword name=""Log Prompt"">0</dword>",,,,,,,"'\t\t\t\t<dword name=""Log Prompt"">0</dword>\n'"
,"<string name=""Login Script V3"">02:bca35541f283b45406e67cb6e65b9226e88e48edd220ebf49b60142335ca28b34f52acfc8e27ccec8b9daa04e1ae188b</string>",,,,,,,"'\t\t\t\t<string name=""Login Script V3"">02:bca35541f283b45406e67cb6e65b9226e88e48edd220ebf49b60142335ca28b34f52acfc8e27ccec8b9daa04e1ae188b</string>\n'"
,"<string name=""MAC List"">hmac-sha2-512,hmac-sha2-256,hmac-sha1,hmac-sha1-96,hmac-md5,hmac-md5-96,umac-64@openssh.com</string>",,,,,,,"'\t\t\t\t<string name=""MAC List"">hmac-sha2-512,hmac-sha2-256,hmac-sha1,hmac-sha1-96,hmac-md5,hmac-md5-96,umac-64@openssh.com</string>\n'"
,"<dword name=""Map Backspace"">0</dword>",,,,,,,"'\t\t\t\t<dword name=""Map Backspace"">0</dword>\n'"
,"<dword name=""Map Delete"">0</dword>",,,,,,,"'\t\t\t\t<dword name=""Map Delete"">0</dword>\n'"
,"<dword name=""Max Packet Size"">4096</dword>",,,,,,,"'\t\t\t\t<dword name=""Max Packet Size"">4096</dword>\n'"
,"<dword name=""Max Transfer Buffers"">4</dword>",,,,,,,"'\t\t\t\t<dword name=""Max Transfer Buffers"">4</dword>\n'"
,"<dword name=""Minimize Drawing While Jump Scrolling"">0</dword>",,,,,,,"'\t\t\t\t<dword name=""Minimize Drawing While Jump Scrolling"">0</dword>\n'"
,"<dword name=""Monitor Allow Remote Input"">0</dword>",,,,,,,"'\t\t\t\t<dword name=""Monitor Allow Remote Input"">0</dword>\n'"
,"<string name=""Monitor Listen Address"">0.0.0.0:22</string>",,,,,,,"'\t\t\t\t<string name=""Monitor Listen Address"">0.0.0.0:22</string>\n'"
,"<string name=""Monitor Password V2"">02:bca35541f283b45406e67cb6e65b9226e88e48edd220ebf49b60142335ca28b34a3354b9a409156a9367f4893fc31641</string>",,,,,,,"'\t\t\t\t<string name=""Monitor Password V2"">02:bca35541f283b45406e67cb6e65b9226e88e48edd220ebf49b60142335ca28b34a3354b9a409156a9367f4893fc31641</string>\n'"
,"<string name=""Monitor Username""/>",,,,,,,"'\t\t\t\t<string name=""Monitor Username""/>\n'"
,"<binary name=""Narrow Font v2"">f3 ff ff ff 00 00 00 00 00 00 00 00 00 00 00 00 90 01 00 00 00 00 00 01 00 00 00 01 4c 00 75 00 63 00 69 00 64 00 61 00 20 00 43 00 6f 00 6e 00 73 00 6f 00 6c 00 65 00 00 00 00 00 00 00 00 00 00 00 00 00 00 00 00 00 00 00 00 00 00 00 00 00 00 00 00 00 00 00 00 00 00 00 00 00 61 00 00 00</binary>",,,,,,,"'\t\t\t\t<binary name=""Narrow Font v2"">f3 ff ff ff 00 00 00 00 00 00 00 00 00 00 00 00 90 01 00 00 00 00 00 01 00 00 00 01 4c 00 75 00 63 00 69 00 64 00 61 00 20 00 43 00 6f 00 6e 00 73 00 6f 00 6c 00 65 00 00 00 00 00 00 00 00 00 00 00 00 00 00 00 00 00 00 00 00 00 00 00 00 00 00 00 00 00 00 00 00 00 00 00 00 00 61 00 00 00</binary>\n'"
,"<dword name=""New Log File At Midnight"">0</dword>",,,,,,,"'\t\t\t\t<dword name=""New Log File At Midnight"">0</dword>\n'"
,"<dword name=""Newline Mode"">0</dword>",,,,,,,"'\t\t\t\t<dword name=""Newline Mode"">0</dword>\n'"
,"<binary name=""Normal Font v2"">f3 ff ff ff 00 00 00 00 00 00 00 00 00 00 00 00 90 01 00 00 00 00 00 01 00 00 00 01 4c 00 75 00 63 00 69 00 64 00 61 00 20 00 43 00 6f 00 6e 00 73 00 6f 00 6c 00 65 00 00 00 00 00 00 00 00 00 00 00 00 00 00 00 00 00 00 00 00 00 00 00 00 00 00 00 00 00 00 00 00 00 00 00 00 00 61 00 00 00</binary>",,,,,,,"'\t\t\t\t<binary name=""Normal Font v2"">f3 ff ff ff 00 00 00 00 00 00 00 00 00 00 00 00 90 01 00 00 00 00 00 01 00 00 00 01 4c 00 75 00 63 00 69 00 64 00 61 00 20 00 43 00 6f 00 6e 00 73 00 6f 00 6c 00 65 00 00 00 00 00 00 00 00 00 00 00 00 00 00 00 00 00 00 00 00 00 00 00 00 00 00 00 00 00 00 00 00 00 00 00 00 00 61 00 00 00</binary>\n'"
,"<dword name=""Operating System"">0</dword>",,,,,,,"'\t\t\t\t<dword name=""Operating System"">0</dword>\n'"
,"<string name=""Output Transformer Name"">Default</string>",,,,,,,"'\t\t\t\t<string name=""Output Transformer Name"">Default</string>\n'"
,"<dword name=""Pad Password Packets"">1</dword>",,,,,,,"'\t\t\t\t<dword name=""Pad Password Packets"">1</dword>\n'"
,"<binary name=""Page Margins"">00 00 00 00 00 00 e0 3f 00 00 00 00 00 00 e0 3f 00 00 00 00 00 00 e0 3f 00 00 00 00 00 00 e0 3f</binary>",,,,,,,"'\t\t\t\t<binary name=""Page Margins"">00 00 00 00 00 00 e0 3f 00 00 00 00 00 00 e0 3f 00 00 00 00 00 00 e0 3f 00 00 00 00 00 00 e0 3f</binary>\n'"
,"<dword name=""Page Orientation"">1</dword>",,,,,,,"'\t\t\t\t<dword name=""Page Orientation"">1</dword>\n'"
,"<dword name=""Paper Size"">1</dword>",,,,,,,"'\t\t\t\t<dword name=""Paper Size"">1</dword>\n'"
,"<dword name=""Paper Source"">7</dword>",,,,,,,"'\t\t\t\t<dword name=""Paper Source"">7</dword>\n'"
,"<string name=""Password V2""/>",,,,,,,"'\t\t\t\t<string name=""Password V2""/>\n'"
,"<string name=""PGP Download Command V2"">02:bca35541f283b45406e67cb6e65b9226e88e48edd220ebf49b60142335ca28b3c2e0a1dff90f60b15ce209560a940581</string>",,,,,,,"'\t\t\t\t<string name=""PGP Download Command V2"">02:bca35541f283b45406e67cb6e65b9226e88e48edd220ebf49b60142335ca28b3c2e0a1dff90f60b15ce209560a940581</string>\n'"
,"<string name=""PGP Upload Command V2"">02:bca35541f283b45406e67cb6e65b9226e88e48edd220ebf49b60142335ca28b36541b35a2ffa1a25ed2590173cde65da</string>",,,,,,,"'\t\t\t\t<string name=""PGP Upload Command V2"">02:bca35541f283b45406e67cb6e65b9226e88e48edd220ebf49b60142335ca28b36541b35a2ffa1a25ed2590173cde65da</string>\n'"
,"<string name=""PKCS11 Provider Dll""/>",,,,,,,"'\t\t\t\t<string name=""PKCS11 Provider Dll""/>\n'"
,"<dword name=""Port Forward Buffer Count"">0</dword>",,,,,,,"'\t\t\t\t<dword name=""Port Forward Buffer Count"">0</dword>\n'"
,"<dword name=""Port Forward Buffer Size"">0</dword>",,,,,,,"'\t\t\t\t<dword name=""Port Forward Buffer Size"">0</dword>\n'"
,"<string name=""Port Forward Filter"">allow,127.0.0.0/255.0.0.0,0 deny,0.0.0.0/0.0.0.0,0</string>",,,,,,,"'\t\t\t\t<string name=""Port Forward Filter"">allow,127.0.0.0/255.0.0.0,0 deny,0.0.0.0/0.0.0.0,0</string>\n'"
,"<dword name=""Port Forward Max Packet"">0</dword>",,,,,,,"'\t\t\t\t<dword name=""Port Forward Max Packet"">0</dword>\n'"
,"<dword name=""Port Forward Receive Window"">0</dword>",,,,,,,"'\t\t\t\t<dword name=""Port Forward Receive Window"">0</dword>\n'"
,"<dword name=""Position Cursor on Left Click"">0</dword>",,,,,,,"'\t\t\t\t<dword name=""Position Cursor on Left Click"">0</dword>\n'"
,"<dword name=""Preferred SFTP Version"">0</dword>",,,,,,,"'\t\t\t\t<dword name=""Preferred SFTP Version"">0</dword>\n'"
,"<dword name=""Preserve Alt-Gr"">0</dword>",,,,,,,"'\t\t\t\t<dword name=""Preserve Alt-Gr"">0</dword>\n'"
,"<dword name=""Printer Baud Rate"">38400</dword>",,,,,,,"'\t\t\t\t<dword name=""Printer Baud Rate"">38400</dword>\n'"
,"<dword name=""Printer CTS Flow"">0</dword>",,,,,,,"'\t\t\t\t<dword name=""Printer CTS Flow"">0</dword>\n'"
,"<dword name=""Printer Data Bits"">8</dword>",,,,,,,"'\t\t\t\t<dword name=""Printer Data Bits"">8</dword>\n'"
,"<dword name=""Printer DSR Flow"">0</dword>",,,,,,,"'\t\t\t\t<dword name=""Printer DSR Flow"">0</dword>\n'"
,"<dword name=""Printer DTR Flow Control"">1</dword>",,,,,,,"'\t\t\t\t<dword name=""Printer DTR Flow Control"">1</dword>\n'"
,"<binary name=""Printer Font v2"">f3 ff ff ff 00 00 00 00 00 00 00 00 00 00 00 00 90 01 00 00 00 00 00 00 03 02 01 31 43 00 6f 00 75 00 72 00 69 00 65 00 72 00 20 00 4e 00 65 00 77 00 00 00 00 00 00 00 00 00 00 00 00 00 00 00 00 00 00 00 00 00 00 00 00 00 00 00 00 00 00 00 00 00 00 00 00 00 00 00 00 00 00 00 64 00 00 00</binary>",,,,,,,"'\t\t\t\t<binary name=""Printer Font v2"">f3 ff ff ff 00 00 00 00 00 00 00 00 00 00 00 00 90 01 00 00 00 00 00 00 03 02 01 31 43 00 6f 00 75 00 72 00 69 00 65 00 72 00 20 00 4e 00 65 00 77 00 00 00 00 00 00 00 00 00 00 00 00 00 00 00 00 00 00 00 00 00 00 00 00 00 00 00 00 00 00 00 00 00 00 00 00 00 00 00 00 00 00 00 64 00 00 00</binary>\n'"
,"<string name=""Printer Name""/>",,,,,,,"'\t\t\t\t<string name=""Printer Name""/>\n'"
,"<string name=""Printer Name Of Pipe""/>",,,,,,,"'\t\t\t\t<string name=""Printer Name Of Pipe""/>\n'"
,"<dword name=""Printer Parity"">0</dword>",,,,,,,"'\t\t\t\t<dword name=""Printer Parity"">0</dword>\n'"
,"<string name=""Printer Port""/>",,,,,,,"'\t\t\t\t<string name=""Printer Port""/>\n'"
,"<dword name=""Printer RTS Flow Control"">1</dword>",,,,,,,"'\t\t\t\t<dword name=""Printer RTS Flow Control"">1</dword>\n'"
,"<dword name=""Printer Stop Bits"">0</dword>",,,,,,,"'\t\t\t\t<dword name=""Printer Stop Bits"">0</dword>\n'"
,"<dword name=""Printer XON Flow"">0</dword>",,,,,,,"'\t\t\t\t<dword name=""Printer XON Flow"">0</dword>\n'"
,"<string name=""Protocol Name"">SSH2</string>",,,,,,,"'\t\t\t\t<string name=""Protocol Name"">SSH2</string>\n'"
,"<string name=""Public Key Certificate Issuer""/>",,,,,,,"'\t\t\t\t<string name=""Public Key Certificate Issuer""/>\n'"
,"<string name=""Public Key Certificate Serial Number""/>",,,,,,,"'\t\t\t\t<string name=""Public Key Certificate Serial Number""/>\n'"
,"<dword name=""Public Key Certificate Store"">0</dword>",,,,,,,"'\t\t\t\t<dword name=""Public Key Certificate Store"">0</dword>\n'"
,"<dword name=""Public Key Type"">0</dword>",,,,,,,"'\t\t\t\t<dword name=""Public Key Type"">0</dword>\n'"
,"<dword name=""Raw Log"">1</dword>",,,,,,,"'\t\t\t\t<dword name=""Raw Log"">1</dword>\n'"
,"<string name=""Remote ExplorerFrame State"">1,-1,-1</string>",,,,,,,"'\t\t\t\t<string name=""Remote ExplorerFrame State"">1,-1,-1</string>\n'"
,"<string name=""Remote ListView State"">1,1,1,0,0</string>",,,,,,,"'\t\t\t\t<string name=""Remote ListView State"">1,1,1,0,0</string>\n'"
,"<binary name=""RemoteFrame Window Placement"">2c 00 00 00 00 00 00 00 01 00 00 00 00 00 00 00 00 00 00 00 fc ff ff ff fc ff ff ff 00 00 00 00 00 00 00 00 00 00 00 00 00 00 00 00</binary>",,,,,,,"'\t\t\t\t<binary name=""RemoteFrame Window Placement"">2c 00 00 00 00 00 00 00 01 00 00 00 00 00 00 00 00 00 00 00 fc ff ff ff fc ff ff ff 00 00 00 00 00 00 00 00 00 00 00 00 00 00 00 00</binary>\n'"
,"<dword name=""Request pty"">1</dword>",,,,,,,"'\t\t\t\t<dword name=""Request pty"">1</dword>\n'"
,"<dword name=""Request Shell"">1</dword>",,,,,,,"'\t\t\t\t<dword name=""Request Shell"">1</dword>\n'"
,"<dword name=""Resize Mode"">0</dword>",,,,,,,"'\t\t\t\t<dword name=""Resize Mode"">0</dword>\n'"
,"<dword name=""Resolve Symbolic Links"">2</dword>",,,,,,,"'\t\t\t\t<dword name=""Resolve Symbolic Links"">2</dword>\n'"
,"<dword name=""Restart Data Size"">0</dword>",,,,,,,"'\t\t\t\t<dword name=""Restart Data Size"">0</dword>\n'"
,"<string name=""Restart Datafile Path""/>",,,,,,,"'\t\t\t\t<string name=""Restart Datafile Path""/>\n'"
,"<string name=""Reverse Forward Filter"">allow,127.0.0.1,0 deny,0.0.0.0/0.0.0.0,0</string>",,,,,,,"'\t\t\t\t<string name=""Reverse Forward Filter"">allow,127.0.0.1,0 deny,0.0.0.0/0.0.0.0,0</string>\n'"
,"<dword name=""Rows"">70</dword>",,,,,,,"'\t\t\t\t<dword name=""Rows"">70</dword>\n'"
,"<dword name=""SCO Line Wrap"">0</dword>",,,,,,,"'\t\t\t\t<dword name=""SCO Line Wrap"">0</dword>\n'"
,"<string name=""SCP Shell Password V2"">02:bca35541f283b45406e67cb6e65b9226e88e48edd220ebf49b60142335ca28b3f2a0dc23aac9aef4112f35b8f2f125e9</string>",,,,,,,"'\t\t\t\t<string name=""SCP Shell Password V2"">02:bca35541f283b45406e67cb6e65b9226e88e48edd220ebf49b60142335ca28b3f2a0dc23aac9aef4112f35b8f2f125e9</string>\n'"
,"<string name=""Script Arguments""/>",,,,,,,"'\t\t\t\t<string name=""Script Arguments""/>\n'"
,"<string name=""Script Filename V2""/>",,,,,,,"'\t\t\t\t<string name=""Script Filename V2""/>\n'"
,"<dword name=""Scroll To Bottom On Keypress"">1</dword>",,,,,,,"'\t\t\t\t<dword name=""Scroll To Bottom On Keypress"">1</dword>\n'"
,"<dword name=""Scroll To Bottom On Output"">1</dword>",,,,,,,"'\t\t\t\t<dword name=""Scroll To Bottom On Output"">1</dword>\n'"
,"<dword name=""Scroll To Clear"">1</dword>",,,,,,,"'\t\t\t\t<dword name=""Scroll To Clear"">1</dword>\n'"
,"<dword name=""Scrollback"">5000</dword>",,,,,,,"'\t\t\t\t<dword name=""Scrollback"">5000</dword>\n'"
,"<string name=""SecureFX Remote Tab State"">1,-1,-1</string>",,,,,,,"'\t\t\t\t<string name=""SecureFX Remote Tab State"">1,-1,-1</string>\n'"
,"<dword name=""SecureFX Trace Level"">1</dword>",,,,,,,"'\t\t\t\t<dword name=""SecureFX Trace Level"">1</dword>\n'"
,"<dword name=""SecureFX Use Control Address For Data Connections"">1</dword>",,,,,,,"'\t\t\t\t<dword name=""SecureFX Use Control Address For Data Connections"">1</dword>\n'"
,"<dword name=""Send Initial Carriage Return"">1</dword>",,,,,,,"'\t\t\t\t<dword name=""Send Initial Carriage Return"">1</dword>\n'"
,"<dword name=""Send Scroll Wheel Events To Remote"">0</dword>",,,,,,,"'\t\t\t\t<dword name=""Send Scroll Wheel Events To Remote"">0</dword>\n'"
,"<dword name=""Send Zmodem Init When Upload Starts"">0</dword>",,,,,,,"'\t\t\t\t<dword name=""Send Zmodem Init When Upload Starts"">0</dword>\n'"
,"<dword name=""Session Password Saved"">0</dword>",,,,,,,"'\t\t\t\t<dword name=""Session Password Saved"">0</dword>\n'"
,"<dword name=""Sftp Maximum Packet"">0</dword>",,,,,,,"'\t\t\t\t<dword name=""Sftp Maximum Packet"">0</dword>\n'"
,"<dword name=""Sftp Parallel Read Count"">0</dword>",,,,,,,"'\t\t\t\t<dword name=""Sftp Parallel Read Count"">0</dword>\n'"
,"<dword name=""Sftp Receive Window"">0</dword>",,,,,,,"'\t\t\t\t<dword name=""Sftp Receive Window"">0</dword>\n'"
,"<string name=""Sftp Tab Local Directory V2"">${VDS_USER_DATA_PATH}</string>",,,,,,,"'\t\t\t\t<string name=""Sftp Tab Local Directory V2"">${VDS_USER_DATA_PATH}</string>\n'"
,"<string name=""Sftp Tab Remote Directory""/>",,,,,,,"'\t\t\t\t<string name=""Sftp Tab Remote Directory""/>\n'"
,"<dword name=""SGR Zero Resets ANSI Color"">1</dword>",,,,,,,"'\t\t\t\t<dword name=""SGR Zero Resets ANSI Color"">1</dword>\n'"
,"<string name=""Shell Command"">python py/connect.py [switchname].tele.iastate.edu</string>",,,,,,,"'\t\t\t\t<string name=""Shell Command"">python py/connect.py [switchname].tele.iastate.edu</string>\n'"
,"<dword name=""Shift Forces Local Mouse Operations"">1</dword>",,,,,,,"'\t\t\t\t<dword name=""Shift Forces Local Mouse Operations"">1</dword>\n'"
,"<dword name=""Show Chat Window"">2</dword>",,,,,,,"'\t\t\t\t<dword name=""Show Chat Window"">2</dword>\n'"
,"<dword name=""Show Wyse Label Line"">0</dword>",,,,,,,"'\t\t\t\t<dword name=""Show Wyse Label Line"">0</dword>\n'"
,"<string name=""SSH2 Authentications V2"">publickey,password,keyboard-interactive,gssapi</string>",,,,,,,"'\t\t\t\t<string name=""SSH2 Authentications V2"">publickey,password,keyboard-interactive,gssapi</string>\n'"
,"<dword name=""SSH2 Common Config Version"">6</dword>",,,,,,,"'\t\t\t\t<dword name=""SSH2 Common Config Version"">6</dword>\n'"
,"<dword name=""Start Log Upon Connect"">1</dword>",,,,,,,"'\t\t\t\t<dword name=""Start Log Upon Connect"">1</dword>\n'"
,"<dword name=""Strip 8th Bit"">0</dword>",,,,,,,"'\t\t\t\t<dword name=""Strip 8th Bit"">0</dword>\n'"
,"<dword name=""Suppress Stat On CWD"">0</dword>",,,,,,,"'\t\t\t\t<dword name=""Suppress Stat On CWD"">0</dword>\n'"
,"<dword name=""Sync View Cols"">1</dword>",,,,,,,"'\t\t\t\t<dword name=""Sync View Cols"">1</dword>\n'"
,"<dword name=""Sync View Rows"">1</dword>",,,,,,,"'\t\t\t\t<dword name=""Sync View Rows"">1</dword>\n'"
,"<string name=""Terminal Type""/>",,,,,,,"'\t\t\t\t<string name=""Terminal Type""/>\n'"
,"<string name=""Time Zone""/>",,,,,,,"'\t\t\t\t<string name=""Time Zone""/>\n'"
,"<string name=""Title Bar""/>",,,,,,,"'\t\t\t\t<string name=""Title Bar""/>\n'"
,"<dword name=""Trace Level"">0</dword>",,,,,,,"'\t\t\t\t<dword name=""Trace Level"">0</dword>\n'"
,"<string name=""Transfer Protocol Name"">None</string>",,,,,,,"'\t\t\t\t<string name=""Transfer Protocol Name"">None</string>\n'"
,"<dword name=""Translate Incoming CR To CRLF"">0</dword>",,,,,,,"'\t\t\t\t<dword name=""Translate Incoming CR To CRLF"">0</dword>\n'"
,"<dword name=""Transport Receive Buffer Count"">0</dword>",,,,,,,"'\t\t\t\t<dword name=""Transport Receive Buffer Count"">0</dword>\n'"
,"<dword name=""Transport Receive Buffer Size"">0</dword>",,,,,,,"'\t\t\t\t<dword name=""Transport Receive Buffer Size"">0</dword>\n'"
,"<dword name=""Transport Write Buffer Count"">0</dword>",,,,,,,"'\t\t\t\t<dword name=""Transport Write Buffer Count"">0</dword>\n'"
,"<dword name=""Transport Write Buffer Size"">0</dword>",,,,,,,"'\t\t\t\t<dword name=""Transport Write Buffer Size"">0</dword>\n'"
,"<string name=""Upload Directory V2"">C:\Users\twertz.IASTATE</string>",,,,,,,"'\t\t\t\t<string name=""Upload Directory V2"">C:\Users\twertz.IASTATE</string>\n'"
,"<dword name=""Use Alternate Keyboard"">0</dword>",,,,,,,"'\t\t\t\t<dword name=""Use Alternate Keyboard"">0</dword>\n'"
,"<dword name=""Use Answerback"">0</dword>",,,,,,,"'\t\t\t\t<dword name=""Use Answerback"">0</dword>\n'"
,"<dword name=""Use Certificate As Raw Key"">1</dword>",,,,,,,"'\t\t\t\t<dword name=""Use Certificate As Raw Key"">1</dword>\n'"
,"<dword name=""Use Cursor Color"">0</dword>",,,,,,,"'\t\t\t\t<dword name=""Use Cursor Color"">0</dword>\n'"
,"<dword name=""Use Global ANSI Colors"">1</dword>",,,,,,,"'\t\t\t\t<dword name=""Use Global ANSI Colors"">1</dword>\n'"
,"<dword name=""Use Global Host Key Algorithms"">1</dword>",,,,,,,"'\t\t\t\t<dword name=""Use Global Host Key Algorithms"">1</dword>\n'"
,"<dword name=""Use Global Print Settings"">1</dword>",,,,,,,"'\t\t\t\t<dword name=""Use Global Print Settings"">1</dword>\n'"
,"<dword name=""Use Global Public Key"">1</dword>",,,,,,,"'\t\t\t\t<dword name=""Use Global Public Key"">1</dword>\n'"
,"<dword name=""Use Login Script"">0</dword>",,,,,,,"'\t\t\t\t<dword name=""Use Login Script"">0</dword>\n'"
,"<dword name=""Use Multiple SFTP Channels"">0</dword>",,,,,,,"'\t\t\t\t<dword name=""Use Multiple SFTP Channels"">0</dword>\n'"
,"<dword name=""Use Narrow Font"">0</dword>",,,,,,,"'\t\t\t\t<dword name=""Use Narrow Font"">0</dword>\n'"
,"<dword name=""Use PGP For All Transfers"">0</dword>",,,,,,,"'\t\t\t\t<dword name=""Use PGP For All Transfers"">0</dword>\n'"
,"<dword name=""Use Position"">0</dword>",,,,,,,"'\t\t\t\t<dword name=""Use Position"">0</dword>\n'"
,"<dword name=""Use Printer Port"">0</dword>",,,,,,,"'\t\t\t\t<dword name=""Use Printer Port"">0</dword>\n'"
,"<dword name=""Use Raw Mode"">0</dword>",,,,,,,"'\t\t\t\t<dword name=""Use Raw Mode"">0</dword>\n'"
,"<dword name=""Use Script File"">0</dword>",,,,,,,"'\t\t\t\t<dword name=""Use Script File"">0</dword>\n'"
,"<dword name=""Use Shell Command"">1</dword>",,,,,,,"'\t\t\t\t<dword name=""Use Shell Command"">1</dword>\n'"
,"<dword name=""Use Symbolic Names For Non-Printable Characters"">0</dword>",,,,,,,"'\t\t\t\t<dword name=""Use Symbolic Names For Non-Printable Characters"">0</dword>\n'"
,"<dword name=""Use Terminal Type"">0</dword>",,,,,,,"'\t\t\t\t<dword name=""Use Terminal Type"">0</dword>\n'"
,"<dword name=""Use Title Bar"">0</dword>",,,,,,,"'\t\t\t\t<dword name=""Use Title Bar"">0</dword>\n'"
,"<dword name=""Use Unicode Line Drawing"">1</dword>",,,,,,,"'\t\t\t\t<dword name=""Use Unicode Line Drawing"">1</dword>\n'"
,"<dword name=""Use Word Delimiter Chars"">0</dword>",,,,,,,"'\t\t\t\t<dword name=""Use Word Delimiter Chars"">0</dword>\n'"
,"<dword name=""User Button Bar"">2</dword>",,,,,,,"'\t\t\t\t<dword name=""User Button Bar"">2</dword>\n'"
,"<string name=""User Button Bar Name"">Default</string>",,,,,,,"'\t\t\t\t<string name=""User Button Bar Name"">Default</string>\n'"
,"<string name=""User Font Map V2""/>",,,,,,,"'\t\t\t\t<string name=""User Font Map V2""/>\n'"
,"<string name=""User Line Drawing Map V2""/>",,,,,,,"'\t\t\t\t<string name=""User Line Drawing Map V2""/>\n'"
,"<string name=""Username"">twertz</string>",,,,,,,"'\t\t\t\t<string name=""Username"">twertz</string>\n'"
,"<dword name=""Verify Retrieve File Status"">2</dword>",,,,,,,"'\t\t\t\t<dword name=""Verify Retrieve File Status"">2</dword>\n'"
,"<dword name=""Vertical Scrollbar"">2</dword>",,,,,,,"'\t\t\t\t<dword name=""Vertical Scrollbar"">2</dword>\n'"
,"<dword name=""Visual Bell"">0</dword>",,,,,,,"'\t\t\t\t<dword name=""Visual Bell"">0</dword>\n'"
,"<dword name=""Wait For Prompt"">0</dword>",,,,,,,"'\t\t\t\t<dword name=""Wait For Prompt"">0</dword>\n'"
,"<string name=""Wait For Prompt Text""/>",,,,,,,"'\t\t\t\t<string name=""Wait For Prompt Text""/>\n'"
,"<dword name=""Wait For Prompt Timeout"">0</dword>",,,,,,,"'\t\t\t\t<dword name=""Wait For Prompt Timeout"">0</dword>\n'"
,"<dword name=""WaitForStrings Ignores Color"">0</dword>",,,,,,,"'\t\t\t\t<dword name=""WaitForStrings Ignores Color"">0</dword>\n'"
,"<binary name=""Window Placement"">2c 00 00 00 00 00 00 00 01 00 00 00 00 83 ff ff 00 83 ff ff ff ff ff ff ff ff ff ff 6e 12 00 00 2e fd ff ff 6d 17 00 00 fd ff ff ff</binary>",,,,,,,"'\t\t\t\t<binary name=""Window Placement"">2c 00 00 00 00 00 00 00 01 00 00 00 00 83 ff ff 00 83 ff ff ff ff ff ff ff ff ff ff 6e 12 00 00 2e fd ff ff 6d 17 00 00 fd ff ff ff</binary>\n'"
,"<string name=""Word Delimiter Chars""/>",,,,,,,"'\t\t\t\t<string name=""Word Delimiter Chars""/>\n'"
,"<dword name=""X Position"">3840</dword>",,,,,,,"'\t\t\t\t<dword name=""X Position"">3840</dword>\n'"
,"<dword name=""X Position Relative Left"">1</dword>",,,,,,,"'\t\t\t\t<dword name=""X Position Relative Left"">1</dword>\n'"
,"<string name=""XAuthority File""/>",,,,,,,"'\t\t\t\t<string name=""XAuthority File""/>\n'"
,"<dword name=""XModem Send Packet Size"">0</dword>",,,,,,,"'\t\t\t\t<dword name=""XModem Send Packet Size"">0</dword>\n'"
,"<string name=""XServer Host"">127.0.0.1</string>",,,,,,,"'\t\t\t\t<string name=""XServer Host"">127.0.0.1</string>\n'"
,"<dword name=""XServer Port"">6000</dword>",,,,,,,"'\t\t\t\t<dword name=""XServer Port"">6000</dword>\n'"
,"<dword name=""XServer Screen Number"">0</dword>",,,,,,,"'\t\t\t\t<dword name=""XServer Screen Number"">0</dword>\n'"
,"<dword name=""Y Position"">738</dword>",,,,,,,"'\t\t\t\t<dword name=""Y Position"">738</dword>\n'"
,"<dword name=""Y Position Relative Top"">0</dword>",,,,,,,"'\t\t\t\t<dword name=""Y Position Relative Top"">0</dword>\n'"
,"<dword name=""ZModem Encodes DEL"">1</dword>",,,,,,,"'\t\t\t\t<dword name=""ZModem Encodes DEL"">1</dword>\n'"
,"<dword name=""ZModem Force All Caps Filenames to Lower Case on Upload"">1</dword>",,,,,,,"'\t\t\t\t<dword name=""ZModem Force All Caps Filenames to Lower Case on Upload"">1</dword>\n'"
,"<string name=""ZModem Receive Command"">rz\r</string>",,,,,,,"'\t\t\t\t<string name=""ZModem Receive Command"">rz\r</string>\n'"
,"<dword name=""ZModem Uses 32 Bit CRC"">0</dword>",,,,,,,"'\t\t\t\t<dword name=""ZModem Uses 32 Bit CRC"">0</dword>\n'"
,"<array name=""Port Forward Table V2""/>",,,,,,,"'\t\t\t\t<array name=""Port Forward Table V2""/>\n'"
,"<array name=""Reverse Forward Table V2""/>",,,,,,,"'\t\t\t\t<array name=""Reverse Forward Table V2""/>\n'"
,"<array name=""Keymap v3""/>",,,,,,,"'\t\t\t\t<array name=""Keymap v3""/>\n'"
,"<array name=""Description""/>",,,,,,,"'\t\t\t\t<array name=""Description""/>\n'"
,"<array name=""SecureFX Post Login User Commands""/>",,,,,,,"'\t\t\t\t<array name=""SecureFX Post Login User Commands""/>\n'"
,"<array name=""SecureFX Bookmarks""/>",,,,,,,"'\t\t\t\t<array name=""SecureFX Bookmarks""/>\n'"
,"<array name=""SCP Shell Prompts"">",,,,,,,"'\t\t\t\t<array name=""SCP Shell Prompts"">\n'"
,,"<string>&quot;? &quot;,0,&quot;\n&quot;</string>",,,,,,"'\t\t\t\t\t<string>&quot;? &quot;,0,&quot;\n&quot;</string>\n'"
,</array>,,,,,,,'\t\t\t\t</array>\n'
</key>,,,,,,,,'\t\t\t</key>\n'
